{
  "name": "Azure Developer CLI",
  "image": "mcr.microsoft.com/devcontainers/javascript-node:16-bullseye",
  "features": {
    "ghcr.io/devcontainers/features/docker-in-docker:2": {},
    "ghcr.io/devcontainers/features/java:1": {
      "version": "17.0"
    },
    "ghcr.io/azure/azure-dev/azd:latest": {}
  },
  "customizations": {
    "vscode": {
      "extensions": [
        "GitHub.vscode-github-actions",
        "ms-azuretools.azure-dev",
        "ms-azuretools.vscode-bicep",
        "ms-azuretools.vscode-docker",
        "ms-vscode.vscode-node-azure-pack",
        "vscjava.vscode-java-pack",
        "vscjava.vscode-azurespringcloud"
      ]
    }
  },
  "forwardPorts": [3000, 3100],
  "postCreateCommand": "",
  "remoteUser": "node",
  "hostRequirements": {
    "memory": "8gb"
  }
}
