{
  "generator-jhipster": {
    "applicationType": "monolith",
    "authenticationType": "session",
    "baseName": "jhipsterSampleApplication",
    "blueprints": [],
    "buildTool": "maven",
    "cacheProvider": "ehcache",
    "clientFramework": "react",
    "clientPackageManager": "npm",
    "creationTimestamp": 1726169182532,
    "databaseType": "sql",
    "devDatabaseType": "postgresql",
    "devServerPort": 9060,
    "enableHibernateCache": true,
    "enableSwaggerCodegen": false,
    "enableTranslation": true,
    "entities": [],
    "gitCompany": "",
    "jhiPrefix": "jhi",
    "jhipsterVersion": "8.7.0",
    "languages": ["en"],
    "messageBroker": false,
    "nativeLanguage": "en",
    "packageFolder": "com/mycompany/myapp",
    "packageName": "com.mycompany.myapp",
    "prodDatabaseType": "postgresql",
    "rememberMeKey": "9128e785a3888d6fe224509e5b828113d14e1c4e533dbade0d336281a087c9434b0501bbbff801f5e6946d8d0fb5fcc76aaf",
    "searchEngine": false,
    "serverPort": 8080,
    "serviceDiscoveryType": false,
    "testFrameworks": [],
    "useSass": true,
    "websocket": false,
    "withAdminUi": true
  }
}
